{"stabilizer":{"pitchPID":{"integral":-10,"prevError":-0.011375199731872},"weights":{"main_front_right":1.0120651858189,"main_back_right":0.93208940691053,"main_back_left":0.98793481418111,"main_front_left":1.0679105930895},"K":{"y":1.070717553698,"x":2,"z":0.81012667739461},"rollPID":{"integral":-10,"prevError":-0.0079557040062997}},"autopilot":{"waypoints":{},"navigationActive":true,"active":true}}